{
	"class_name" : "PinholeCameraParameters",
	"extrinsic" : 
	[
		-0.10353821798270707,
		0.94182231066497024,
		0.31976643437149854,
		0.0,
		0.52618885889572464,
		-0.22095352411433553,
		0.82116065721359977,
		0.0,
		0.84404094817193598,
		0.25327904634049808,
		-0.47269927278753787,
		0.0,
		3193.6901953217298,
		-236.30909037782592,
		7112.1574101313035,
		1.0
	],
	"intrinsic" : 
	{
		"height" : 1055,
		"intrinsic_matrix" : 
		[
			913.65680099258282,
			0.0,
			0.0,
			0.0,
			913.65680099258282,
			0.0,
			959.5,
			527.0,
			1.0
		],
		"width" : 1920
	},
	"version_major" : 1,
	"version_minor" : 0
}