{
	"class_name" : "PinholeCameraParameters",
	"extrinsic" : 
	[
		0.44729433874995839,
		-0.48085844418248852,
		0.75412394948087547,
		0.0,
		-0.44875140026385107,
		-0.85002102159629334,
		-0.27583771244270927,
		0.0,
		0.7736601032000231,
		-0.21503353111268575,
		-0.59599549093406679,
		0.0,
		1767.6175180037508,
		437.80915125710249,
		15554.652110953481,
		1.0
	],
	"intrinsic" : 
	{
		"height" : 1055,
		"intrinsic_matrix" : 
		[
			913.65680099258282,
			0.0,
			0.0,
			0.0,
			913.65680099258282,
			0.0,
			959.5,
			527.0,
			1.0
		],
		"width" : 1920
	},
	"version_major" : 1,
	"version_minor" : 0
}